AppID,游戏名称,发行日期,开发商,发行商,游戏类型,分类,标签,是否免费,货币,原价,现价,折扣百分比,格式化价格,总评论数,好评数,差评数,好评率,差评率,销量,平均游戏时长(分钟),中位数游戏时长(分钟),当前在线人数,24小时峰值,历史最高在线,支持语言,Windows支持,Mac支持,Linux支持,年龄限制,DLC数量,成就数量
730,Counter-Strike 2,2017 年 9 月 15 日,Valve,Valve,"动作, 免费开玩","多人, 跨平台多人, Steam 集换式卡牌, Steam 创意工坊, 应用内购买, 可调整文字大小, 视角舒适度, 可选颜色, 自定义音量控制, 无需应对快速反应事件, 立体声, 环绕声, 已启用 Valve 反作弊保护, 统计数据, 在手机上远程畅玩, 在平板上远程畅玩, 在电视上远程畅玩, Steam 时间轴","第一人称射击, 射击, 多人, 竞技, 动作, 团队导向, 电竞, 战术, 第一人称, 玩家对战",TRUE,CNY,0,0,0,Free,8815087,7642084,1173003,86.69%,13.31%,264452610,33152,6253,660171,1411377,1818368,"捷克语, 丹麦语, 荷兰语, 英语, 芬兰语, 法语, 德语, 匈牙利语, 意大利语, 日语, 韩语, 挪威语, 波兰语, 葡萄牙语 - 葡萄牙, 葡萄牙语 - 巴西, 罗马尼亚语, 俄语, 简体中文, 西班牙语 - 西班牙, 瑞典语, 泰语, 繁体中文, 土耳其语, 保加利亚语, 乌克兰语, 希腊语, 西班牙语 - 拉丁美洲, 越南语, 印度尼西亚语, 具有完全音频支持的语言",TRUE,FALSE,TRUE,0,1,1
1172470,Apex Legends™,2020 年 11 月 4 日,Respawn,Electronic Arts,"动作, 冒险, 免费开玩","多人, 玩家对战, 线上玩家对战, 合作, 在线合作, Steam 成就, 完全支持控制器, Steam 集换式卡牌, 应用内购买, 聊天语音转文字, 无需应对快速反应事件","免费开玩, 多人, 大逃杀, 第一人称射击, 射击, 第一人称, 玩家对战, 动作, 英雄射击, 团队导向",TRUE,CNY,0,0,0,Free,994979,668053,326926,67.14%,32.86%,29849370,10369,916,59783,168424,624473,"英语, 法语, 意大利语, 德语, 西班牙语 - 西班牙, 日语, 韩语, 波兰语, 葡萄牙语 - 巴西, 俄语, 简体中文, 繁体中文, 西班牙语 - 拉丁美洲, 阿拉伯语, 具有完全音频支持的语言",TRUE,FALSE,FALSE,0,0,12
578080,PUBG: BATTLEGROUNDS,2017 年 12 月 21 日,PUBG Corporation,"KRAFTON, Inc.","动作, 冒险, 大型多人在线, 免费开玩","多人, 玩家对战, 线上玩家对战, 统计数据, 在手机上远程畅玩, 在平板上远程畅玩","生存, 射击, 大逃杀, 多人, 第一人称射击, 玩家对战, 第三人称射击, 动作, 在线合作, 战术",TRUE,CNY,0,0,0,Free,2557944,1520457,1037487,59.44%,40.56%,76738320,23461,5824,240479,651951,3236027,"英语, 韩语, 简体中文, 法语, 德语, 西班牙语 - 西班牙, 阿拉伯语, 日语, 波兰语, 葡萄牙语 - 葡萄牙, 俄语, 土耳其语, 泰语, 意大利语, 葡萄牙语 - 巴西, 繁体中文, 乌克兰语",TRUE,FALSE,FALSE,16,0,37
1623730,Palworld / 幻兽帕鲁,2024 年 1 月 18 日,Pocketpair,Pocketpair,"动作, 冒险, 独立, 角色扮演, 抢先体验","单人, 多人, 合作, 在线合作, 跨平台多人, Steam 成就, 完全支持控制器, Steam 集换式卡牌, Steam 云, 家庭共享","开放世界, 生存, 生物收集, 多人, 开放世界生存制作, 在线合作, 制作, 独立, 合作, 冒险",FALSE,CNY,108,81,25,¥81.00,380709,358266,22443,94.10%,5.90%,11421270,3830,2261,22546,38887,2101535,"英语, 简体中文, 繁体中文, 日语, 法语, 意大利语, 德语, 西班牙语 - 西班牙, 葡萄牙语 - 巴西, 俄语, 韩语, 印度尼西亚语, 西班牙语 - 拉丁美洲, 泰语, 土耳其语, 越南语, 波兰语",TRUE,FALSE,FALSE,0,1,56
440,Team Fortress 2,2007 年 10 月 10 日,Valve,Valve,"动作, 免费开玩","多人, 跨平台多人, Steam 成就, Steam 集换式卡牌, 支持字幕, Steam 创意工坊, 应用内购买, 视角舒适度, 可选颜色, 自定义音量控制, 立体声, 环绕声, 部分支持控制器, 已启用 Valve 反作弊保护, 统计数据, 包含关卡编辑器, 解说可用, 在手机上远程畅玩, 在平板上远程畅玩","免费开玩, 英雄射击, 多人, 第一人称射击, 射击, 动作, 职业导向, 团队导向, 欢乐, 第一人称",TRUE,CNY,0,0,0,Free,1161472,1044264,117208,89.91%,10.09%,34844160,22991,4608,34281,72738,253225,"英语, 丹麦语, 荷兰语, 芬兰语, 法语, 德语, 意大利语, 日语, 挪威语, 波兰语, 葡萄牙语 - 葡萄牙, 俄语, 简体中文, 西班牙语 - 西班牙, 瑞典语, 繁体中文, 韩语, 捷克语, 匈牙利语, 葡萄牙语 - 巴西, 土耳其语, 希腊语, 保加利亚语, 罗马尼亚语, 泰语, 乌克兰语, 西班牙语 - 拉丁美洲, 具有完全音频支持的语言",TRUE,FALSE,TRUE,0,1,520
1938090,使命召唤®,2022 年 10 月 27 日,"Treyarch, Raven Software, Beenox, High Moon Studios, Sledgehammer Games, Infinity Ward, Activision Shanghai, Demonware",Activision,动作,"单人, 多人, 玩家对战, 线上玩家对战, 合作, 在线合作, 跨平台多人, Steam 成就, 支持字幕, 应用内购买, 可调整文字大小, 视角舒适度, 可选颜色, 自定义音量控制, 无需应对快速反应事件, 立体声, 字幕选项, 环绕声, 部分支持控制器, 可用 HDR","暴力, 拟真, 成人, 血腥",FALSE,CNY,0,0,0,Free,714114,419594,294520,58.76%,41.24%,21423420,5443,646,28320,48409,488897,"英语, 法语, 意大利语, 德语, 西班牙语 - 西班牙, 韩语, 波兰语, 俄语, 繁体中文, 日语, 西班牙语 - 拉丁美洲, 阿拉伯语, 简体中文, 葡萄牙语 - 巴西, 具有完全音频支持的语言",TRUE,FALSE,FALSE,18,40,157
1063730,New World: Aeternum,2021 年 9 月 28 日,Amazon Games,Amazon Games,"动作, 冒险, 大型多人在线, 角色扮演","多人, 大型多人在线, 玩家对战, 线上玩家对战, 合作, 在线合作, Steam 成就, 应用内购买, 可调整文字大小, 视角舒适度, 聊天语音转文字, 聊天文字转语音, 可选颜色, 自定义音量控制, 可以仅用键盘, 无需应对快速反应事件, 随时保存, 立体声, 字幕选项, 环绕声, 部分支持控制器","开放世界, 大型多人在线, 大型多人在线角色扮演, 角色扮演, 冒险, 动作, 玩家对战, 玩家对战环境, 多人, 奇幻",FALSE,CNY,430.99,430.99,0,¥430.99,286878,196798,90080,68.60%,31.40%,8606340,10243,3598,860,1731,913027,"英语, 法语, 意大利语, 德语, 西班牙语 - 西班牙, 波兰语, 葡萄牙语 - 巴西, 西班牙语 - 拉丁美洲, 具有完全音频支持的语言",TRUE,FALSE,FALSE,0,2,133
2358720,黑神话：悟空,2024 年 8 月 19 日,Game Science,Game Science,"动作, 冒险, 角色扮演","单人, Steam 成就, 完全支持控制器, Steam 集换式卡牌, 无需应对快速反应事件, 立体声, 环绕声, Steam 云, 家庭共享","神话, 动作角色扮演, 动作, 类魂系列, 角色扮演, 战斗, 剧情丰富, 单人, 动作冒险, 剧情",FALSE,CNY,268,268,0,¥268.00,1150098,1111720,38378,96.66%,3.34%,34502940,3297,2823,7109,16422,2406967,"英语, 法语, 德语, 西班牙语 - 西班牙, 日语, 韩语, 波兰语, 葡萄牙语 - 巴西, 俄语, 简体中文, 繁体中文, 意大利语, 土耳其语, 泰语, 捷克语, 具有完全音频支持的语言",TRUE,FALSE,FALSE,16,2,81
271590,Grand Theft Auto V 传承版,2015 年 4 月 13 日,Rockstar North,Rockstar Games,"动作, 冒险","单人, 多人, 玩家对战, 线上玩家对战, 合作, 在线合作, Steam 成就, 完全支持控制器, 在手机上远程畅玩, 在平板上远程畅玩, 在电视上远程畅玩","开放世界, 动作, 多人, 犯罪, 汽车模拟, 第三人称, 第一人称, 成人, 射击, 冒险",FALSE,CNY,0,0,0,Free,1990556,1739980,250576,87.41%,12.59%,59716680,14125,5720,53712,105832,360761,"英语, 法语, 意大利语, 德语, 西班牙语 - 西班牙, 韩语, 波兰语, 葡萄牙语 - 巴西, 俄语, 繁体中文, 日语, 简体中文, 西班牙语 - 拉丁美洲, 具有完全音频支持的语言",TRUE,FALSE,FALSE,17,0,77
550,Left 4 Dead 2,2009 年 11 月 16 日,Valve,Valve,动作,"单人, 多人, 玩家对战, 线上玩家对战, 合作, 在线合作, Steam 成就, 完全支持控制器, Steam 集换式卡牌, 支持字幕, Steam 创意工坊, 视角舒适度, 可选颜色, 自定义音量控制, 可调整难度, 无需应对快速反应事件, 立体声, 环绕声, Steam 云, 已启用 Valve 反作弊保护, 统计数据, 包括 Source SDK, 解说可用, 在手机上远程畅玩, 在平板上远程畅玩, 在电视上远程畅玩, 远程同乐, 家庭共享, Steam 时间轴","僵尸, 合作, 第一人称射击, 多人, 射击, 在线合作, 动作, 生存, 恐怖, 第一人称",FALSE,CNY,42,42,0,¥42.00,963983,940221,23762,97.54%,2.46%,28919490,2436,505,12920,24000,161590,"丹麦语, 荷兰语, 英语, 芬兰语, 法语, 德语, 意大利语, 日语, 韩语, 挪威语, 波兰语, 葡萄牙语 - 葡萄牙, 俄语, 简体中文, 西班牙语 - 西班牙, 瑞典语, 繁体中文, 匈牙利语, 土耳其语, 保加利亚语, 捷克语, 希腊语, 葡萄牙语 - 巴西, 罗马尼亚语, 西班牙语 - 拉丁美洲, 泰语, 乌克兰语, 越南语, 具有完全音频支持的语言",TRUE,FALSE,TRUE,0,0,101
304930,Unturned,2017 年 7 月 7 日,Smartly Dressed Games,Smartly Dressed Games,"动作, 冒险, 休闲, 独立, 免费开玩","单人, 多人, 玩家对战, 线上玩家对战, 局域网玩家对战, 合作, 在线合作, 局域网合作, Steam 成就, Steam 集换式卡牌, Steam 创意工坊, 应用内购买, 视角舒适度, 自定义音量控制, 可调整难度, 无需应对快速反应事件, 立体声, Steam 云, 已启用 Valve 反作弊保护, 统计数据, 包含关卡编辑器, 在平板上远程畅玩","免费开玩, 生存, 僵尸, 多人, 开放世界, 合作, 沙盒, 制作, 射击, 后末日",TRUE,CNY,0,0,0,Free,555368,506516,48852,91.20%,8.80%,16661040,9164,333,8392,10343,112648,英语,TRUE,TRUE,TRUE,0,1,88
236390,War Thunder,2013 年 8 月 15 日,Gaijin Entertainment,Gaijin Network Ltd,"动作, 大型多人在线, 模拟, 免费开玩","单人, 多人, 大型多人在线, 玩家对战, 线上玩家对战, 合作, 在线合作, 跨平台多人, Steam 成就, 完全支持控制器, 已支持 VR, Steam 集换式卡牌, 应用内购买, 可调整文字大小, 视角舒适度, 可选颜色, 自定义音量控制, 无需应对快速反应事件, 立体声, 环绕声, 在手机上远程畅玩, 在平板上远程畅玩","免费开玩, 模拟, 车辆作战, 战斗, 二战, 虚拟现实, 飞行, 战争, 军事, 坦克",TRUE,CNY,0,0,0,Free,757086,484469,272617,63.99%,36.01%,22712580,10320,481,30814,68574,121180,"英语, 德语, 法语, 意大利语, 西班牙语 - 西班牙, 简体中文, 俄语, 日语, 波兰语, 捷克语, 土耳其语, 葡萄牙语 - 葡萄牙, 韩语, 葡萄牙语 - 巴西, 匈牙利语, 乌克兰语, 繁体中文, 罗马尼亚语, 具有完全音频支持的语言",TRUE,TRUE,TRUE,0,38,90
2246340,Monster Hunter Wilds,2025 年 2 月 27 日,"CAPCOM Co., Ltd.","CAPCOM Co., Ltd.","动作, 冒险, 角色扮演","单人, 多人, 合作, 在线合作, 跨平台多人, Steam 成就, 完全支持控制器, Steam 集换式卡牌, 可调整文字大小, 视角舒适度, 可选颜色, 自定义音量控制, 可以仅用键盘, 立体声, 字幕选项, 环绕声, Steam 云, 可用 HDR, 家庭共享","狩猎, 动作, 多人, 在线合作, 合作, 角色自定义, 恋爱模拟, 龙, 开放世界, 第三人称",FALSE,CNY,348,348,0,¥348.00,218415,127273,91142,58.27%,41.73%,6552450,4514,3314,8148,18948,1179869,"英语, 法语, 意大利语, 德语, 西班牙语 - 西班牙, 阿拉伯语, 西班牙语 - 拉丁美洲, 葡萄牙语 - 巴西, 波兰语, 俄语, 简体中文, 繁体中文, 日语, 韩语, 具有完全音频支持的语言",TRUE,FALSE,FALSE,0,141,50
553850,HELLDIVERS™ 2,2024 年 2 月 8 日,Arrowhead Game Studios,PlayStation Publishing LLC,动作,"多人, 合作, 在线合作, Steam 成就, 应用内购买, 可调整文字大小, 视角舒适度, 聊天语音转文字, 聊天文字转语音, 可选颜色, 自定义音量控制, 可调整难度, 朗读游戏菜单, 无需应对快速反应事件, 立体声, 字幕选项, 环绕声, 部分支持控制器, 家庭共享","动作, 多人, 合作, 在线合作, Steam 成就, 应用内购买",FALSE,CNY,198,198,0,¥198.00,1017635,775883,241752,76.24%,23.76%,30529050,4806,2279,24235,39716,458208,"英语, 法语, 意大利语, 德语, 西班牙语 - 西班牙, 日语, 韩语, 葡萄牙语 - 巴西, 西班牙语 - 拉丁美洲, 波兰语, 葡萄牙语 - 葡萄牙, 俄语, 简体中文, 繁体中文, 具有完全音频支持的语言",TRUE,FALSE,FALSE,18,1,38
230410,Warframe 星际战甲,2013 年 3 月 25 日,Digital Extremes,Digital Extremes,"动作, 角色扮演, 免费开玩","单人, 多人, 合作, 在线合作, 跨平台多人, Steam 成就, 完全支持控制器, Steam 集换式卡牌, Steam 创意工坊, 应用内购买, 视角舒适度, 可选颜色, 自定义音量控制, 无需应对快速反应事件, 立体声, 环绕声, 在手机上远程畅玩, 在平板上远程畅玩, 在电视上远程畅玩, 可用 HDR","免费开玩, 刷宝射击游戏, 动作角色扮演, 第三人称射击, 动作, 角色扮演, 第三人称, 角色自定义, 大型多人在线, 在线合作",TRUE,CNY,0,0,0,Free,626503,545393,81110,87.05%,12.95%,18795090,12745,550,113846,173377,181509,"英语, 德语, 法语, 意大利语, 韩语, 西班牙语 - 西班牙, 简体中文, 俄语, 日语, 波兰语, 葡萄牙语 - 巴西, 繁体中文, 土耳其语, 乌克兰语, 泰语, 具有完全音频支持的语言",TRUE,FALSE,FALSE,18,15,193
1245620,艾尔登法环,2022 年 2 月 24 日,"FromSoftware, Inc.","FromSoftware, Inc., Bandai Namco Entertainment","动作, 角色扮演","单人, 多人, 玩家对战, 线上玩家对战, 合作, 在线合作, Steam 成就, 完全支持控制器, Steam 集换式卡牌, 视角舒适度, 自定义音量控制, 无需应对快速反应事件, 随时保存, 立体声, 环绕声, Steam 云, 家庭共享","类魂系列, 开放世界, 黑暗奇幻, 角色扮演, 困难, 动作角色扮演, 多人, 第三人称, 奇幻, 单人",FALSE,CNY,298,298,0,¥298.00,1056677,981540,75137,92.89%,7.11%,31700310,8032,5454,16048,26558,952523,"英语, 法语, 意大利语, 德语, 西班牙语 - 西班牙, 日语, 韩语, 波兰语, 葡萄牙语 - 巴西, 俄语, 简体中文, 西班牙语 - 拉丁美洲, 泰语, 繁体中文, 阿拉伯语, 具有完全音频支持的语言",TRUE,FALSE,FALSE,16,2,42
105600,Terraria,2011 年 5 月 16 日,Re-Logic,Re-Logic,"动作, 冒险, 独立, 角色扮演","单人, 多人, 玩家对战, 线上玩家对战, 合作, 在线合作, Steam 成就, 完全支持控制器, Steam 集换式卡牌, Steam 云, 在手机上远程畅玩, 在平板上远程畅玩, 在电视上远程畅玩, 家庭共享","开放世界生存制作, 沙盒, 生存, 2D, 多人, 冒险, 像素图形, 制作, 建造, 探索",FALSE,CNY,42,42,0,¥42.00,1409473,1373979,35494,97.48%,2.52%,42284190,7749,2133,16068,26518,486918,"英语, 法语, 意大利语, 德语, 西班牙语 - 西班牙, 波兰语, 葡萄牙语 - 巴西, 俄语, 简体中文",TRUE,TRUE,TRUE,0,2,115
431960,Wallpaper Engine：壁纸引擎,2018 年 11 月 16 日,Wallpaper Engine Team,Wallpaper Engine Team,"休闲, 独立, 动画制作和建模, 设计和插画, 照片编辑, 实用工具","Steam 成就, Steam 集换式卡牌, Steam 创意工坊, Steam 创意工坊, 包含关卡编辑器","成人, 实用工具, 动漫, 软件, 设计与插画, 动画制作和建模, 第一人称, 工作场所不宜, 独立, 网络梗",FALSE,CNY,22.9,22.9,0,¥22.90,894458,876898,17560,98.04%,1.96%,26833740,5326,1009,75238,124666,150271,"英语, 德语, 简体中文, 波兰语, 葡萄牙语 - 巴西, 法语, 意大利语, 西班牙语 - 西班牙, 芬兰语, 日语, 韩语, 瑞典语, 泰语, 繁体中文, 土耳其语, 葡萄牙语 - 葡萄牙, 俄语, 丹麦语, 捷克语, 阿拉伯语, 乌克兰语, 印度尼西亚语, 波斯语",TRUE,FALSE,FALSE,0,1,17
1086940,博德之门3,2023 年 8 月 3 日,Larian Studios,Larian Studios,"冒险, 角色扮演, 策略","单人, 多人, 合作, 在线合作, 局域网合作, 跨平台多人, Steam 成就, 完全支持控制器, Steam 集换式卡牌, 可调整文字大小, 视角舒适度, 可选颜色, 自定义音量控制, 可调整难度, 无需应对快速反应事件, 随时保存, 立体声, 字幕选项, 环绕声, Steam 云, 在电视上远程畅玩, 远程同乐, 家庭共享","角色扮演, 角色自定义, 选择取向, 剧情丰富, 回合制战斗, 龙与地下城, 电脑角色扮演, 奇幻, 色情内容, 冒险",FALSE,CNY,298,298,0,¥298.00,760662,736688,23974,96.85%,3.15%,22819860,7410,4337,29020,52376,875343,"英语, 法语, 德语, 西班牙语 - 西班牙, 波兰语, 俄语, 简体中文, 土耳其语, 葡萄牙语 - 巴西, 意大利语, 西班牙语 - 拉丁美洲, 繁体中文, 乌克兰语, 韩语, 日语, 具有完全音频支持的语言",TRUE,TRUE,FALSE,18,2,54
291550,Brawlhalla,2017 年 10 月 17 日,Blue Mammoth Games,Ubisoft,"动作, 独立, 免费开玩","单人, 多人, 玩家对战, 线上玩家对战, 同屏/分屏玩家对战, 合作, 在线合作, 同屏/分屏合作, 同屏/分屏, 跨平台多人, Steam 成就, Steam 集换式卡牌, 部分支持控制器, 在手机上远程畅玩, 在平板上远程畅玩, 在电视上远程畅玩, 远程同乐","免费开玩, 多人, 格斗, 2D 格斗, 2D 平台, 休闲, 本地多人, 合作, 平台游戏, 控制器",TRUE,CNY,0,0,0,Free,386456,314809,71647,81.46%,18.54%,11593680,2495,211,6599,14707,34169,"英语, 法语, 意大利语, 德语, 西班牙语 - 西班牙, 日语, 韩语, 葡萄牙语 - 巴西, 俄语, 简体中文, 繁体中文, 西班牙语 - 拉丁美洲, 土耳其语, 具有完全音频支持的语言",TRUE,TRUE,FALSE,0,4,65
4000,Garry's Mod,2006 年 11 月 29 日,Facepunch Studios,Valve,"休闲, 独立, 模拟","单人, 多人, 玩家对战, 线上玩家对战, 局域网玩家对战, 合作, 在线合作, 局域网合作, 跨平台多人, Steam 成就, Steam 集换式卡牌, 支持字幕, Steam 创意工坊, 可选颜色, 自定义音量控制, 可调整难度, 无需应对快速反应事件, 随时保存, 立体声, Steam 云, 已启用 Valve 反作弊保护, 包含关卡编辑器, 包括 Source SDK, 在平板上远程畅玩, 家庭共享","沙盒, 可模组化, 多人, 物理, 建造, 休闲, 欢乐, 第一人称, 单人, 第一人称射击",FALSE,CNY,36,36,0,¥36.00,1159707,1122546,37161,96.80%,3.20%,34791210,10746,1331,10757,23888,73750,"英语, 法语, 意大利语, 德语, 西班牙语 - 西班牙, 保加利亚语, 捷克语, 丹麦语, 荷兰语, 芬兰语, 希腊语, 匈牙利语, 日语, 韩语, 挪威语, 波兰语, 葡萄牙语 - 葡萄牙, 葡萄牙语 - 巴西, 俄语, 简体中文, 瑞典语, 泰语, 繁体中文, 土耳其语, 乌克兰语, 越南语, 克罗地亚语, 爱沙尼亚语, 希伯来语, 立陶宛语, 斯洛伐克语, 具有完全音频支持的语言",TRUE,TRUE,TRUE,0,0,29
1085660,命运2,2019 年 10 月 1 日,Bungie,Bungie,"动作, 冒险, 免费开玩","单人, 多人, 玩家对战, 线上玩家对战, 合作, 在线合作, Steam 成就, 应用内购买, 可选颜色, 自定义音量控制, 字幕选项, 部分支持控制器","免费开玩, 开放世界, 刷宝射击游戏, 多人, 大型多人在线角色扮演, 第一人称射击, 合作, 玩家对战环境, 玩家对战, 射击",TRUE,CNY,0,0,0,Free,625616,497891,127725,79.58%,20.42%,18768480,12072,557,24097,37142,316651,"英语, 法语, 意大利语, 德语, 西班牙语 - 西班牙, 日语, 韩语, 波兰语, 葡萄牙语 - 巴西, 俄语, 简体中文, 西班牙语 - 拉丁美洲, 繁体中文, 具有完全音频支持的语言",TRUE,FALSE,FALSE,0,16,23
359550,彩虹六号：围攻X,2015 年 12 月 1 日,Ubisoft Montreal,Ubisoft,"动作, 免费开玩","单人, 多人, 玩家对战, 线上玩家对战, 合作, 在线合作, 完全支持控制器, Steam 集换式卡牌, 应用内购买, 在手机上远程畅玩, 在平板上远程畅玩","第一人称射击, 玩家对战, 多人, 射击, 战术, 电竞, 竞技, 在线合作, 动作, 英雄射击",TRUE,CNY,0,0,0,Free,1398584,1172854,225730,83.86%,16.14%,41957520,15436,2502,26012,47903,200476,"英语, 法语, 意大利语, 德语, 西班牙语 - 西班牙, 捷克语, 荷兰语, 日语, 韩语, 波兰语, 葡萄牙语 - 巴西, 俄语, 繁体中文, 简体中文, 土耳其语, 泰语, 具有完全音频支持的语言",TRUE,FALSE,FALSE,0,9,48
252490,Rust,2018 年 2 月 8 日,Facepunch Studios,Facepunch Studios,"动作, 冒险, 独立, 大型多人在线, 角色扮演","多人, 大型多人在线, 玩家对战, 线上玩家对战, 合作, 在线合作, 跨平台多人, Steam 成就, Steam 集换式卡牌, Steam 创意工坊, 应用内购买, 已启用 Valve 反作弊保护, 统计数据, 在平板上远程畅玩","生存, 制作, 多人, 开放世界, 开放世界生存制作, 建造, 玩家对战, 沙盒, 冒险, 第一人称",FALSE,CNY,138,69,50,¥69.00,1227784,1071135,156649,87.24%,12.76%,36833520,23116,3226,62022,128166,259646,"英语, 法语, 意大利语, 德语, 西班牙语 - 西班牙, 日语, 韩语, 俄语, 简体中文, 乌克兰语, 波兰语, 葡萄牙语 - 葡萄牙, 土耳其语, 阿拉伯语, 捷克语, 丹麦语, 荷兰语, 芬兰语, 希腊语, 挪威语, 葡萄牙语 - 巴西, 西班牙语 - 拉丁美洲, 瑞典语, 繁体中文, 越南语, 具有完全音频支持的语言",TRUE,TRUE,FALSE,0,5,92
552990,World of Warships,2017 年 11 月 15 日,Wargaming Group Limited,Wargaming Group Limited,"动作, 大型多人在线, 模拟, 策略, 免费开玩","多人, 大型多人在线, 玩家对战, 线上玩家对战, 合作, 在线合作, Steam 成就, Steam 集换式卡牌, 应用内购买, 可调整文字大小, 视角舒适度, 可选颜色, 自定义音量控制, 无需应对快速反应事件, Steam 云","免费开玩, 海战, 动作, 合作, 战术, 在线合作, 多人, 海军, 玩家对战, 二战",TRUE,CNY,0,0,0,Free,146552,112887,33665,77.03%,22.97%,4396560,4442,304,30788,37817,400538,"英语, 法语, 德语, 捷克语, 日语, 波兰语, 俄语, 泰语, 土耳其语, 西班牙语 - 西班牙, 韩语, 葡萄牙语 - 巴西, 繁体中文, 意大利语, 简体中文, 乌克兰语, 荷兰语, 西班牙语 - 拉丁美洲, 具有完全音频支持的语言",TRUE,FALSE,FALSE,0,25,43
346110,ARK: Survival Evolved,2017 年 8 月 27 日,"Studio Wildcard, Instinct Games, Efecto Studios, Virtual Basement LLC","Studio Wildcard, Snail Games USA","动作, 冒险, 独立, 大型多人在线, 角色扮演","单人, 多人, 大型多人在线, 合作, Steam 成就, 完全支持控制器, Steam 创意工坊, Steam 云, 已启用 Valve 反作弊保护, 包含关卡编辑器, 在平板上远程畅玩, 家庭共享","开放世界生存制作, 生存, 多人, 开放世界, 恐龙, 制作, 建造, 冒险, 基地建设, 合作",FALSE,CNY,58,58,0,¥58.00,730170,612177,117993,83.84%,16.16%,21905100,11615,919,12594,23414,247292,"英语, 法语, 意大利语, 德语, 西班牙语 - 西班牙, 俄语, 葡萄牙语 - 巴西, 简体中文, 捷克语, 丹麦语, 荷兰语, 匈牙利语, 波兰语, 瑞典语, 泰语, 繁体中文, 土耳其语, 乌克兰语, 芬兰语, 日语, 韩语, 具有完全音频支持的语言",TRUE,TRUE,FALSE,0,18,32
413150,Stardew Valley,2016 年 2 月 26 日,ConcernedApe,ConcernedApe,"独立, 角色扮演, 模拟","单人, 多人, 合作, 在线合作, 局域网合作, 同屏/分屏合作, 同屏/分屏, Steam 成就, 完全支持控制器, Steam 集换式卡牌, Steam 云, 在手机上远程畅玩, 在平板上远程畅玩, 远程同乐, 家庭共享","农场模拟, 像素图形, 多人, 生活模拟, 角色扮演, 放松, 模拟, 农业, 制作, 独立",FALSE,CNY,48,48,0,¥48.00,886195,872384,13811,98.44%,1.56%,26585850,4590,1675,38984,72230,236614,"英语, 德语, 西班牙语 - 西班牙, 日语, 葡萄牙语 - 巴西, 俄语, 简体中文, 法语, 意大利语, 匈牙利语, 韩语, 土耳其语",TRUE,TRUE,TRUE,0,1,49
242760,The Forest,2018 年 4 月 30 日,Endnight Games Ltd,Endnight Games Ltd,"动作, 冒险, 独立, 模拟","单人, 多人, 合作, 在线合作, 局域网合作, 定位控制器支持, 已支持 VR, 部分支持控制器, Steam 云, 家庭共享","开放世界生存制作, 生存, 恐怖, 开放世界, 制作, 冒险, 建造, 生存恐怖, 第一人称, 动作",FALSE,CNY,70,70,0,¥70.00,627791,599805,27986,95.54%,4.46%,18833730,1502,811,1938,4522,109242,"英语, 法语, 德语, 捷克语, 芬兰语, 日语, 韩语, 波兰语, 葡萄牙语 - 巴西, 俄语, 简体中文, 瑞典语, 繁体中文, 土耳其语, 意大利语, 西班牙语 - 西班牙, 具有完全音频支持的语言",TRUE,FALSE,FALSE,0,0,45
1491000,War Robots: Frontiers,2025 年 3 月 4 日,MY.GAMES,MY.GAMES,"动作, 模拟, 免费开玩","多人, 玩家对战, 线上玩家对战, 跨平台多人, Steam 成就, 完全支持控制器, 应用内购买, 视角舒适度, 自定义音量控制, 无需应对快速反应事件, 立体声, 字幕选项, 环绕声","免费开玩, 第三人称射击, 机甲, 玩家对战, 多人, 动作, 竞技场射击, 机器人, 科幻, 未来",TRUE,CNY,0,0,0,Free,3082,1977,1105,64.15%,35.85%,92460,606,380,190,350,1460,"英语, 德语, 西班牙语 - 西班牙, 简体中文, 葡萄牙语 - 巴西, 法语, 日语, 波兰语, 俄语, 繁体中文, 土耳其语, 韩语, 具有完全音频支持的语言",TRUE,FALSE,FALSE,0,4,33
218620,PAYDAY 2,2013 年 8 月 13 日,OVERKILL - a Starbreeze Studio.,Starbreeze Entertainment,"动作, 角色扮演","单人, 多人, 合作, 在线合作, Steam 成就, 完全支持控制器, 定位控制器支持, 已支持 VR, Steam 集换式卡牌, 应用内购买, 视角舒适度, 自定义音量控制, 可调整难度, 无需应对快速反应事件, 立体声, Steam 云, 在手机上远程畅玩, 在平板上远程畅玩, 在电视上远程畅玩, 家庭共享","动作, 角色扮演, 单人, 多人, 合作, 在线合作, Steam 成就",FALSE,CNY,42,42,0,¥42.00,663082,594327,68755,89.63%,10.37%,19892460,6980,562,17355,24847,247628,"英语, 德语, 法语, 意大利语, 西班牙语 - 西班牙, 荷兰语, 俄语, 日语, 简体中文, 西班牙语 - 拉丁美洲, 韩语, 波兰语, 具有完全音频支持的语言",TRUE,FALSE,TRUE,18,79,1328
291480,Warface: Clutch,2014 年 7 月 1 日,MY.GAMES,MY.GAMES,"动作, 大型多人在线, 免费开玩","多人, 大型多人在线, 玩家对战, 线上玩家对战, 合作, 在线合作, Steam 成就, Steam 集换式卡牌, 应用内购买","免费开玩, 第一人称射击, 多人, 射击, 动作, 玩家对战, 合作, 枪械改装, 角色自定义, 第一人称",TRUE,CNY,0,0,0,Free,82197,54554,27643,66.37%,33.63%,2465910,1780,171,92,360,13867,"英语, 法语, 德语, 波兰语, 西班牙语 - 西班牙, 简体中文, 葡萄牙语 - 巴西, 韩语, 俄语, 土耳其语, 具有完全音频支持的语言",TRUE,FALSE,FALSE,16,10,67
899770,Last Epoch,2024 年 2 月 21 日,Eleventh Hour Games,Eleventh Hour Games,"动作, 冒险, 独立, 角色扮演","单人, 多人, 合作, 在线合作, 完全支持控制器, 应用内购买, Steam 云","动作角色扮演, 刷宝, 砍杀, 角色扮演, 等角视角, 多人, 动作, 俯视, 合作, 冒险",FALSE,CNY,128,128,0,¥128.00,110623,88027,22596,79.57%,20.43%,3318690,5559,2562,848,1469,258503,"英语, 法语, 德语, 韩语, 波兰语, 葡萄牙语 - 巴西, 俄语, 简体中文, 西班牙语 - 西班牙, 日语, 具有完全音频支持的语言",TRUE,FALSE,FALSE,0,8,0
1091500,赛博朋克 2077,2020 年 12 月 10 日,CD PROJEKT RED,CD PROJEKT RED,角色扮演,"单人, Steam 成就, 完全支持控制器, Steam 集换式卡牌, 可调整文字大小, 视角舒适度, 可选颜色, 自定义音量控制, 可调整难度, 无需应对快速反应事件, 随时保存, 立体声, 字幕选项, 环绕声, Steam 云, 家庭共享","角色扮演, 单人, Steam 成就, 完全支持控制器, Steam 集换式卡牌, 可调整文字大小",FALSE,CNY,298,104.3,65,¥104.30,844921,713071,131850,84.39%,15.61%,25347630,5056,3200,28550,45437,830387,"英语, 法语, 意大利语, 德语, 西班牙语 - 西班牙, 阿拉伯语, 捷克语, 匈牙利语, 日语, 韩语, 波兰语, 葡萄牙语 - 巴西, 俄语, 简体中文, 西班牙语 - 拉丁美洲, 泰语, 繁体中文, 土耳其语, 乌克兰语, 具有完全音频支持的语言",TRUE,TRUE,FALSE,18,3,57
381210,黎明杀机,2016 年 6 月 14 日,Behaviour Interactive Inc.,Behaviour Interactive Inc.,动作,"多人, 玩家对战, 线上玩家对战, 合作, 在线合作, 跨平台多人, Steam 成就, 完全支持控制器, Steam 集换式卡牌, Steam 云, 在手机上远程畅玩, 在平板上远程畅玩, 在电视上远程畅玩, 家庭共享","恐怖, 多人, 生存恐怖, 在线合作, 合作, 生存, 血腥, 团队导向, 鲜血, 第三人称",FALSE,CNY,93.75,93.75,0,¥93.75,797216,630223,166993,79.05%,20.95%,23916480,11633,1383,27069,49532,120430,"英语, 法语, 意大利语, 德语, 西班牙语 - 西班牙, 俄语, 简体中文, 葡萄牙语 - 巴西, 泰语, 繁体中文, 日语, 韩语, 波兰语, 西班牙语 - 拉丁美洲, 土耳其语, 具有完全音频支持的语言",TRUE,FALSE,FALSE,18,37,288
990080,霍格沃茨之遗,2023 年 2 月 10 日,Avalanche Software,Warner Bros. Games,"动作, 冒险, 角色扮演","单人, Steam 成就, 完全支持控制器, 应用内购买, 可调整文字大小, 视角舒适度, 自定义音量控制, 朗读游戏菜单, 随时保存, 立体声, 环绕声, Steam 云, 可用 HDR, 家庭共享","魔法, 开放世界, 奇幻, 单人, 冒险, 角色扮演, 角色自定义, 探索, 剧情丰富, 第三人称",FALSE,CNY,384,384,0,¥384.00,321395,289966,31429,90.22%,9.78%,9641850,2214,1666,7639,17966,527652,"英语, 法语, 意大利语, 德语, 西班牙语 - 西班牙, 阿拉伯语, 日语, 韩语, 波兰语, 葡萄牙语 - 巴西, 俄语, 简体中文, 西班牙语 - 拉丁美洲, 繁体中文, 具有完全音频支持的语言",TRUE,FALSE,FALSE,0,1,45
438100,VRChat,2017 年 2 月 1 日,VRChat Inc.,VRChat Inc.,"冒险, 休闲, 大型多人在线, 模拟, 体育, 免费开玩, 抢先体验","多人, 大型多人在线, 玩家对战, 线上玩家对战, 合作, 在线合作, 跨平台多人, 完全支持控制器, 定位控制器支持, 已支持 VR, 应用内购买","虚拟现实, 免费开玩, 多人, 动漫, 网络梗, 欢乐, 大型多人在线, 第一人称, 开放世界, 抢先体验",TRUE,CNY,0,0,0,Free,240355,181623,58732,75.56%,24.44%,7210650,4947,132,35531,46436,66673,"英语, 法语, 意大利语, 德语, 西班牙语 - 西班牙, 日语, 波兰语, 葡萄牙语 - 巴西, 俄语, 简体中文, 繁体中文",TRUE,FALSE,FALSE,0,0,0
292030,巫师 3：狂猎,2015 年 5 月 18 日,CD PROJEKT RED,CD PROJEKT RED,角色扮演,"单人, Steam 成就, Steam 集换式卡牌, Steam 创意工坊, 可调整文字大小, 视角舒适度, 可选颜色, 自定义音量控制, 可调整难度, 无需应对快速反应事件, 随时保存, 立体声, 环绕声, 部分支持控制器, Steam 云, 在平板上远程畅玩, 在电视上远程畅玩, 家庭共享","角色扮演, 单人, Steam 成就, Steam 集换式卡牌, Steam 创意工坊, 可调整文字大小",FALSE,CNY,149,14.9,90,¥14.90,835349,802993,32356,96.13%,3.87%,25060470,3577,935,11891,27062,103329,"英语, 法语, 意大利语, 德语, 西班牙语 - 西班牙, 阿拉伯语, 捷克语, 匈牙利语, 日语, 韩语, 波兰语, 葡萄牙语 - 巴西, 俄语, 繁体中文, 土耳其语, 简体中文, 西班牙语 - 拉丁美洲, 具有完全音频支持的语言",TRUE,FALSE,FALSE,18,22,78
945360,Among Us,2018 年 11 月 16 日,Innersloth,Innersloth,休闲,"多人, 玩家对战, 线上玩家对战, 局域网玩家对战, 合作, 在线合作, 局域网合作, 跨平台多人, Steam 成就, 完全支持控制器, Steam 集换式卡牌, 应用内购买, 在手机上远程畅玩, 在平板上远程畅玩, 家庭共享","多人, 社交推理, 在线合作, 太空, 生存, 2D, 欢乐, 心理, 社交聚会游戏, 合作",FALSE,CNY,25,25,0,¥25.00,700785,643681,57104,91.85%,8.15%,21023550,1562,667,2752,7981,438524,"英语, 葡萄牙语 - 巴西, 西班牙语 - 拉丁美洲, 西班牙语 - 西班牙, 韩语, 俄语, 法语, 意大利语, 德语, 荷兰语, 日语, 葡萄牙语 - 葡萄牙, 简体中文, 繁体中文",TRUE,FALSE,FALSE,0,0,33
1097150,糖豆人,2020 年 8 月 3 日,Mediatonic,,"动作, 休闲, 独立, 大型多人在线, 体育","多人, 大型多人在线, 玩家对战, 线上玩家对战, 合作, 在线合作, Steam 成就, 应用内购买, 部分支持控制器, 在手机上远程畅玩, 在平板上远程畅玩","多人, 社交聚会游戏, 大逃杀, 阖家, 大型多人在线, 平台游戏, 可爱, 欢乐, 玩家对战, 3D 平台",FALSE,CNY,0,0,0,Free,473743,385154,88589,81.30%,18.70%,14212290,1363,575,306,594,172026,"英语, 法语, 意大利语, 德语, 西班牙语 - 西班牙, 日语, 韩语, 葡萄牙语 - 巴西, 俄语, 简体中文, 繁体中文",TRUE,FALSE,FALSE,0,0,34
49520,Borderlands 2,2012 年 9 月 20 日,"Gearbox Software, Aspyr (Mac), Aspyr (Linux)","2K, Aspyr (Mac), Aspyr (Linux)","动作, 角色扮演","单人, 多人, 合作, Steam 成就, 完全支持控制器, Steam 集换式卡牌, Steam 云, 在手机上远程畅玩, 在平板上远程畅玩, 在电视上远程畅玩, 家庭共享","刷宝, 射击, 动作, 多人, 合作, 刷宝射击游戏, 第一人称射击, 角色扮演, 第一人称, 欢乐",FALSE,CNY,64,64,0,¥64.00,295218,272900,22318,92.44%,7.56%,8856540,3378,972,1307,2371,123596,"英语, 法语, 德语, 意大利语, 日语, 西班牙语 - 西班牙, 韩语, 繁体中文, 具有完全音频支持的语言",TRUE,TRUE,TRUE,17,5,75
227300,Euro Truck Simulator 2,2012 年 10 月 12 日,SCS Software,SCS Software,"独立, 模拟","单人, 多人, 合作, 在线合作, Steam 成就, Steam 集换式卡牌, Steam 创意工坊, 视角舒适度, 自定义音量控制, 可调整难度, 可以仅用键盘, 无需应对快速反应事件, 随时保存, 立体声, 环绕声, 部分支持控制器, Steam 云, 包含关卡编辑器, 在手机上远程畅玩, 在平板上远程畅玩, 远程同乐, 家庭共享","驾驶, 交通运输, 模拟, 开放世界, 汽车模拟, 拟真, 可模组化, 放松, 探索, 经济",FALSE,CNY,88,22,75,¥22.00,867404,844480,22924,97.36%,2.64%,26022120,7328,1692,13129,53761,72523,"英语, 德语, 法语, 意大利语, 韩语, 西班牙语 - 西班牙, 简体中文, 俄语, 日语, 葡萄牙语 - 葡萄牙, 波兰语, 丹麦语, 荷兰语, 芬兰语, 挪威语, 瑞典语, 匈牙利语, 捷克语, 罗马尼亚语, 土耳其语, 葡萄牙语 - 巴西, 保加利亚语, 希腊语, 乌克兰语, 繁体中文, 加泰罗尼亚语, 立陶宛语, 塞尔维亚语, 斯洛伐克语, 斯洛文尼亚语",TRUE,TRUE,TRUE,0,105,105
892970,Valheim: 英灵神殿,2021 年 2 月 2 日,Iron Gate AB,Coffee Stain Publishing,"动作, 冒险, 独立, 角色扮演, 抢先体验","单人, 多人, 合作, 在线合作, 完全支持控制器, 视角舒适度, 自定义音量控制, 可调整难度, 随时保存, 立体声, Steam 云, 在平板上远程畅玩, 家庭共享","开放世界生存制作, 生存, 在线合作, 开放世界, 多人, 建造, 制作, 基地建设, 探索, 合作",FALSE,CNY,74,74,0,¥74.00,499828,471451,28377,94.32%,5.68%,14994840,4874,1778,9100,22877,498478,"英语, 法语, 德语, 西班牙语 - 西班牙, 俄语, 简体中文, 土耳其语, 日语, 葡萄牙语 - 巴西, 波兰语, 乌克兰语, 意大利语, 韩语, 繁体中文",TRUE,TRUE,TRUE,0,1,0
739630,Phasmophobia 恐鬼症,2020 年 9 月 18 日,Kinetic Games,Kinetic Games,"动作, 独立, 抢先体验","单人, 多人, 合作, 在线合作, Steam 成就, 完全支持控制器, 定位控制器支持, 已支持 VR, Steam 集换式卡牌, 视角舒适度, 可调整难度, 无需应对快速反应事件, 立体声, 环绕声, Steam 云, 在手机上远程畅玩, 在平板上远程畅玩, 家庭共享","恐怖, 在线合作, 多人, 心理恐怖, 合作, 虚拟现实, 灵异, 第一人称, 调查, 黑暗",FALSE,CNY,76,53.2,30,¥53.20,768779,736611,32168,95.82%,4.18%,23063370,2685,928,6637,16282,112241,"英语, 葡萄牙语 - 葡萄牙, 西班牙语 - 西班牙, 葡萄牙语 - 巴西, 德语, 法语, 意大利语, 保加利亚语, 捷克语, 丹麦语, 荷兰语, 芬兰语, 希腊语, 匈牙利语, 日语, 韩语, 挪威语, 波兰语, 罗马尼亚语, 俄语, 简体中文, 瑞典语, 繁体中文, 土耳其语, 乌克兰语, 加泰罗尼亚语, 具有完全音频支持的语言",TRUE,FALSE,FALSE,0,0,54
1203220,永劫无间,2021 年 8 月 11 日,24 Entertainment,NetEase Games Global,"动作, 冒险, 大型多人在线, 免费开玩","多人, 玩家对战, 线上玩家对战, Steam 成就, Steam 集换式卡牌, 应用内购买, 部分支持控制器, 可用 HDR","大逃杀, 多人, 武术, 成人, 玩家对战, 动作, 女性主角, 角色自定义, 格斗, 大型多人在线",TRUE,CNY,0,0,0,Free,324927,225960,98967,69.54%,30.46%,9747810,8824,484,32835,97926,385770,"英语, 简体中文, 繁体中文, 日语, 韩语, 法语, 德语, 西班牙语 - 西班牙, 俄语, 土耳其语, 葡萄牙语 - 葡萄牙, 越南语, 泰语, 具有完全音频支持的语言",TRUE,FALSE,FALSE,0,4,40
320,Half-Life 2: Deathmatch,2004 年 11 月 1 日,Valve,Valve,动作,"多人, 自定义音量控制, 无需应对快速反应事件, 立体声, 环绕声, 已启用 Valve 反作弊保护, 包括 Source SDK, 家庭共享","动作, 第一人称射击, 多人, 射击, 第一人称, 科幻, 物理, 竞技, 欢乐, 合作",FALSE,CNY,0,0,0,Free,14296,12962,1334,90.67%,9.33%,428880,457,30,79,213,1546,英语,TRUE,FALSE,TRUE,0,0,0
70,Half-Life,1998 年 11 月 19 日,Valve,Valve,动作,"单人, 多人, 玩家对战, 线上玩家对战, 完全支持控制器, 可选颜色, 自定义音量控制, 可调整难度, 可以仅用键盘, 无需应对快速反应事件, 随时保存, 立体声, Steam 云, 已启用 Valve 反作弊保护, 在手机上远程畅玩, 在平板上远程畅玩, 家庭共享","第一人称射击, 经典, 90 年代, 科幻, 单人, 多人, 射击, 第一人称, 动作, 外星人",FALSE,CNY,37,37,0,¥37.00,148221,143086,5135,96.54%,3.46%,4446630,917,127,514,1174,33467,"英语, 法语, 德语, 意大利语, 西班牙语 - 西班牙, 简体中文, 繁体中文, 韩语, 具有完全音频支持的语言",TRUE,TRUE,TRUE,0,1,0
582010,Monster Hunter: World,2018 年 8 月 8 日,"CAPCOM Co., Ltd.","CAPCOM Co., Ltd.",动作,"单人, 多人, 合作, Steam 成就, Steam 集换式卡牌, 可调整文字大小, 视角舒适度, 自定义音量控制, 可以仅用键盘, 立体声, 环绕声, 部分支持控制器, Steam 云, 统计数据, Steam 排行榜, 在平板上远程畅玩, 可用 HDR, 家庭共享","合作, 多人, 动作, 开放世界, 角色扮演, 角色自定义, 第三人称, 冒险, 奇幻, 动作角色扮演",FALSE,CNY,148,148,0,¥148.00,493390,434239,59151,88.01%,11.99%,14801700,9060,2947,8572,21190,329333,"英语, 法语, 意大利语, 德语, 西班牙语 - 西班牙, 阿拉伯语, 葡萄牙语 - 巴西, 波兰语, 繁体中文, 日语, 韩语, 俄语, 简体中文, 西班牙语 - 拉丁美洲, 具有完全音频支持的语言",TRUE,FALSE,FALSE,0,200,100
227940,Heroes & Generals,2016 年 10 月 18 日,TLM Partners,TLM Partners,"动作, 免费开玩, 独立, 大型多人在线, 策略","多人, 大型多人在线, 玩家对战, 线上玩家对战, 合作, 在线合作, 应用内购买, 统计数据, 家庭共享","免费开玩, 二战, 第一人称射击, 多人, 战争, 射击, 动作, 第一人称, 大型多人在线, 策略",FALSE,CNY,0,0,0,Free,142763,96499,46264,67.59%,32.41%,4282890,1352,96,2,5,20882,"英语, 法语, 德语, 西班牙语 - 西班牙, 捷克语, 波兰语, 俄语, 土耳其语, 葡萄牙语 - 巴西, 简体中文, 韩语, 日语, 具有完全音频支持的语言",TRUE,FALSE,FALSE,0,0,0
108600,Project Zomboid,2013 年 11 月 8 日,The Indie Stone,The Indie Stone,"独立, 角色扮演, 模拟, 抢先体验","单人, 多人, 玩家对战, 线上玩家对战, 合作, 在线合作, 同屏/分屏合作, 同屏/分屏, 跨平台多人, Steam 集换式卡牌, Steam 创意工坊, 部分支持控制器, 远程同乐, 家庭共享","生存, 僵尸, 开放世界, 多人, 开放世界生存制作, 沙盒, 后末日, 合作, 制作, 建造",FALSE,CNY,76,76,0,¥76.00,377063,355171,21892,94.19%,5.81%,11311890,4257,866,13711,22128,65379,"英语, 法语, 意大利语, 德语, 西班牙语 - 西班牙, 丹麦语, 荷兰语, 匈牙利语, 挪威语, 波兰语, 葡萄牙语 - 葡萄牙, 俄语, 土耳其语, 日语, 简体中文, 葡萄牙语 - 巴西, 芬兰语, 韩语, 泰语, 繁体中文, 乌克兰语",TRUE,TRUE,TRUE,0,0,0
1966720,Lethal Company,2023 年 10 月 23 日,Zeekerss,Zeekerss,"动作, 冒险, 独立, 抢先体验","单人, 多人, 合作, 在线合作, 自定义音量控制, 立体声, 部分支持控制器, 家庭共享","在线合作, 恐怖, 第一人称, 合作, 生存恐怖, 欢乐, 探索, 心理恐怖, 科幻, 玩家对战环境",FALSE,CNY,42,42,0,¥42.00,487160,473422,13738,97.18%,2.82%,14614800,1621,702,2808,4783,239369,"英语, 具有完全音频支持的语言",TRUE,FALSE,FALSE,0,0,0
1174180,Red Dead Redemption 2,2019 年 12 月 5 日,Rockstar Games,Rockstar Games,"动作, 冒险","单人, 多人, 玩家对战, 线上玩家对战, 合作, 在线合作, Steam 成就, 应用内购买, 部分支持控制器, 在手机上远程畅玩, 在平板上远程畅玩","开放世界, 剧情丰富, 西部, 多人, 冒险, 动作, 拟真, 单人, 射击, 马匹",FALSE,CNY,279,279,0,¥279.00,733542,676667,56875,92.25%,7.75%,22006260,4265,1786,24125,45295,99759,"英语, 法语, 意大利语, 德语, 西班牙语 - 西班牙, 日语, 韩语, 波兰语, 俄语, 简体中文, 西班牙语 - 拉丁美洲, 繁体中文, 葡萄牙语 - 巴西, 具有完全音频支持的语言",TRUE,FALSE,FALSE,0,0,51
1517290,《战地风云™ 2042》,2021 年 11 月 19 日,DICE,Electronic Arts,"动作, 冒险, 休闲","多人, 玩家对战, 线上玩家对战, 合作, 在线合作, Steam 成就, 完全支持控制器, Steam 集换式卡牌, 应用内购买, 可选颜色, 自定义音量控制, 立体声, 环绕声, 可用 HDR","第一人称射击, 多人, 射击, 军事, 单人, 战争, 动作, 第一人称, 战斗, 团队导向",FALSE,CNY,248,248,0,¥248.00,297774,139186,158588,46.74%,53.26%,8933220,2989,1048,882,1953,107006,"英语, 法语, 意大利语, 德语, 西班牙语 - 西班牙, 阿拉伯语, 日语, 韩语, 波兰语, 葡萄牙语 - 巴西, 俄语, 简体中文, 西班牙语 - 拉丁美洲, 繁体中文, 具有完全音频支持的语言",TRUE,FALSE,FALSE,0,2,34
1240440,Halo Infinite,2021 年 11 月 15 日,343 Industries,Xbox Game Studios,"动作, 免费开玩","多人, 玩家对战, 线上玩家对战, 局域网玩家对战, 跨平台多人, Steam 成就, 完全支持控制器, 应用内购买, Steam 云, 包含关卡编辑器, 在电视上远程畅玩","免费开玩, 第一人称射击, 多人, 单人, 射击, 动作, 第一人称, 开放世界, 科幻, 合作",TRUE,CNY,0,0,0,Free,177041,123333,53708,69.66%,30.34%,5311230,1538,177,1509,2803,256619,"英语, 法语, 意大利语, 德语, 西班牙语 - 西班牙, 荷兰语, 日语, 韩语, 波兰语, 葡萄牙语 - 巴西, 俄语, 简体中文, 西班牙语 - 拉丁美洲, 繁体中文, 丹麦语, 芬兰语, 挪威语, 葡萄牙语 - 葡萄牙, 具有完全音频支持的语言",TRUE,FALSE,FALSE,0,1,144
648800,Raft,2022 年 6 月 20 日,Redbeet Interactive,Axolot Games,"冒险, 独立, 模拟","单人, 多人, 合作, 在线合作, Steam 成就, Steam 云, 家庭共享","生存, 多人, 开放世界生存制作, 合作, 制作, 开放世界, 建造, 基地建设, 在线合作, 冒险",FALSE,CNY,68,68,0,¥68.00,346359,323198,23161,93.31%,6.69%,10390770,1651,948,3240,7602,100474,"英语, 法语, 意大利语, 德语, 西班牙语 - 西班牙, 日语, 韩语, 波兰语, 葡萄牙语 - 巴西, 俄语, 简体中文, 瑞典语, 具有完全音频支持的语言",TRUE,FALSE,FALSE,0,0,104
386360,SMITE®,2015 年 9 月 8 日,Titan Forge Games,Hi-Rez Studios,"动作, 冒险, 休闲, 独立, 大型多人在线, 角色扮演, 模拟, 策略, 免费开玩","多人, 玩家对战, Steam 成就, 完全支持控制器, Steam 集换式卡牌, 应用内购买","免费开玩, 多人在线战术竞技, 多人, 动作, 第三人称, 神话, 策略, 大型多人在线角色扮演, 团队导向, 怀旧",TRUE,CNY,0,0,0,Free,119796,94368,25428,78.77%,21.23%,3593880,5766,294,990,1798,31169,"英语, 法语, 德语, 西班牙语 - 西班牙, 波兰语, 俄语, 葡萄牙语 - 巴西, 土耳其语, 简体中文, 日语, 具有完全音频支持的语言",TRUE,FALSE,FALSE,0,14,319
444200,坦克世界闪电战,2016 年 11 月 9 日,Wargaming Group Limited,Wargaming Group Limited,"动作, 大型多人在线, 模拟, 策略, 免费开玩","多人, 大型多人在线, 玩家对战, 线上玩家对战, 合作, 在线合作, 跨平台多人, Steam 集换式卡牌, 应用内购买, 视角舒适度, 可选颜色, 自定义音量控制, 随时保存, 立体声, 可以仅用触控","坦克, 免费开玩, 射击, 动作, 第一人称射击, 大型多人在线, 玩家对战, 多人, 策略, 二战",TRUE,CNY,0,0,0,Free,148161,116407,31754,78.57%,21.43%,4444830,5965,225,3186,10144,56489,"英语, 法语, 意大利语, 德语, 西班牙语 - 西班牙, 阿拉伯语, 捷克语, 芬兰语, 日语, 韩语, 波兰语, 俄语, 简体中文, 泰语, 繁体中文, 土耳其语, 葡萄牙语 - 巴西, 乌克兰语, 印地语, 越南语, 具有完全音频支持的语言",TRUE,TRUE,FALSE,0,15,0
10,Counter-Strike,2000 年 11 月 1 日,Valve,Valve,动作,"多人, 玩家对战, 线上玩家对战, 同屏/分屏玩家对战, 可选颜色, 自定义音量控制, 可以仅用键盘, 立体声, 已启用 Valve 反作弊保护, 家庭共享","动作, 第一人称射击, 多人, 射击, 经典, 团队导向, 第一人称, 竞技, 战术, 90 年代",FALSE,CNY,37,37,0,¥37.00,250245,243818,6427,97.43%,2.57%,7507350,11905,187,3985,11971,65188,"英语, 法语, 德语, 意大利语, 西班牙语 - 西班牙, 简体中文, 繁体中文, 韩语, 具有完全音频支持的语言",TRUE,TRUE,TRUE,0,0,0
240,Counter-Strike: Source,2004 年 11 月 1 日,Valve,Valve,动作,"多人, 跨平台多人, Steam 成就, 视角舒适度, 可选颜色, 自定义音量控制, 立体声, 字幕选项, 环绕声, Steam 云, 已启用 Valve 反作弊保护, 统计数据, 包括 Source SDK, 家庭共享","射击, 第一人称射击, 动作, 多人, 团队导向, 第一人称, 竞技, 战术, 玩家对战, 电竞",FALSE,CNY,42,42,0,¥42.00,182234,175426,6808,96.26%,3.74%,5467020,6622,333,16118,19268,60896,"英语, 法语, 德语, 意大利语, 日语, 韩语, 西班牙语 - 西班牙, 俄语, 简体中文, 繁体中文, 泰语, 土耳其语",TRUE,FALSE,TRUE,0,0,147
3164500,Schedule I,2025 年 3 月 24 日,TVGS,TVGS,"动作, 独立, 模拟, 策略, 抢先体验","单人, 多人, 合作, 在线合作, Steam 成就, 可调整文字大小, 视角舒适度, 自定义音量控制, 随时保存, 立体声, Steam 云, 家庭共享","模拟, 合作, 犯罪, 多人, 管理, 开放世界, 第一人称, 制作, 动作, 基地建设",FALSE,CNY,76,76,0,¥76.00,204041,200803,3238,98.41%,1.59%,6121230,1626,1140,5866,10706,455652,"英语, 具有完全音频支持的语言",TRUE,FALSE,FALSE,0,0,13
755790,无限法则,2019 年 6 月 24 日,Aurora Studio,TCH Scarlet Limited,"动作, 免费开玩, 大型多人在线","多人, 玩家对战, 线上玩家对战, 家庭共享","免费开玩, 大逃杀, 射击, 多人, 生存, 第一人称射击, 动作, 大型多人在线, 第三人称射击, 抢先体验",FALSE,CNY,0,0,0,Free,99837,74345,25492,74.47%,25.53%,2995110,1036,117,2,3,63435,"英语, 简体中文, 德语, 俄语, 日语",TRUE,FALSE,FALSE,0,0,0
400,Portal,2007 年 10 月 10 日,Valve,Valve,动作,"单人, Steam 成就, 完全支持控制器, 支持字幕, 视角舒适度, 自定义音量控制, 随时保存, 立体声, 字幕选项, 环绕声, 包含关卡编辑器, 包括 Source SDK, 解说可用, 在手机上远程畅玩, 在平板上远程畅玩, 家庭共享","解谜, 平台解谜, 第一人称, 3D 平台, 单人, 科幻, 喜剧, 女性主角, 物理, 欢乐",FALSE,CNY,42,42,0,¥42.00,177741,175024,2717,98.47%,1.53%,5332230,351,162,240,509,3617,"英语, 法语, 德语, 俄语, 丹麦语, 荷兰语, 芬兰语, 意大利语, 日语, 挪威语, 波兰语, 葡萄牙语 - 葡萄牙, 简体中文, 西班牙语 - 西班牙, 瑞典语, 繁体中文, 韩语, 保加利亚语, 捷克语, 希腊语, 匈牙利语, 葡萄牙语 - 巴西, 罗马尼亚语, 西班牙语 - 拉丁美洲, 泰语, 土耳其语, 乌克兰语, 具有完全音频支持的语言",TRUE,FALSE,TRUE,0,2,15
1222670,The Sims™ 4,2020 年 6 月 18 日,Maxis,Electronic Arts,"冒险, 休闲, 模拟, 免费开玩","单人, Steam 集换式卡牌, 可以仅用鼠标, 无需应对快速反应事件, 随时保存, 立体声, 环绕声, 在平板上远程畅玩","生活模拟, 免费开玩, 角色自定义, 建造, 模拟, 爱情, 单人, 沙盒, 恋爱模拟, 放松",TRUE,CNY,0,0,0,Free,170727,149064,21663,87.31%,12.69%,5121810,2299,313,15622,26080,96185,"英语, 法语, 意大利语, 德语, 西班牙语 - 西班牙, 捷克语, 丹麦语, 荷兰语, 日语, 挪威语, 波兰语, 葡萄牙语 - 巴西, 俄语, 瑞典语, 芬兰语, 繁体中文, 简体中文, 韩语",TRUE,FALSE,FALSE,0,108,0
550650,Black Squad,2019 年 6 月 26 日,"VALOFE, NS STUDIO",VALOFE,"动作, 免费开玩","多人, Steam 成就, Steam 集换式卡牌, 应用内购买","免费开玩, 第一人称射击, 射击, 多人, 动作, 抢先体验, 第一人称, 军事, 单人, 玩家对战",TRUE,CNY,0,0,0,Free,81714,62042,19672,75.93%,24.07%,2451420,1922,94,135,303,15766,"英语, 法语, 德语, 西班牙语 - 西班牙, 俄语, 简体中文, 繁体中文, 葡萄牙语 - 巴西, 日语, 泰语, 土耳其语, 韩语, 葡萄牙语 - 葡萄牙, 西班牙语 - 拉丁美洲, 具有完全音频支持的语言",TRUE,FALSE,FALSE,0,2,36
322330,饥荒联机版,2016 年 4 月 21 日,Klei Entertainment,Klei Entertainment,"动作, 冒险, 独立, 角色扮演, 模拟, 策略","单人, 多人, 玩家对战, 线上玩家对战, 局域网玩家对战, 合作, 在线合作, 局域网合作, 完全支持控制器, Steam 集换式卡牌, Steam 创意工坊, 应用内购买, 可调整文字大小, 视角舒适度, 可选颜色, 自定义音量控制, 可调整难度, 可以仅用键盘, 可以仅用鼠标, 无需应对快速反应事件, 随时保存, 立体声, 在手机上远程畅玩, 在平板上远程畅玩, 在电视上远程畅玩, 家庭共享","生存, 开放世界生存制作, 多人, 合作, 开放世界, 冒险, 制作, 在线合作, 沙盒, 困难",FALSE,CNY,24,24,0,¥24.00,499061,475393,23668,95.26%,4.74%,14971830,2635,533,19786,43146,114109,"英语, 简体中文, 法语, 意大利语, 德语, 日语, 韩语, 波兰语, 葡萄牙语 - 葡萄牙, 俄语, 西班牙语 - 拉丁美洲, 繁体中文, 具有完全音频支持的语言",TRUE,TRUE,TRUE,0,48,0
239140,Dying Light,2015 年 1 月 26 日,Techland,Techland,"动作, 角色扮演","单人, 多人, 玩家对战, 线上玩家对战, 合作, 在线合作, Steam 成就, 完全支持控制器, Steam 集换式卡牌, Steam 创意工坊, Steam 云, 已启用 Valve 反作弊保护, 包含关卡编辑器, 在平板上远程畅玩, 在电视上远程畅玩, 家庭共享","僵尸, 生存恐怖, 恐怖, 在线合作, 开放世界, 跑酷, 第一人称, 生存, 开放世界生存制作, 血腥",FALSE,CNY,179,35.8,80,¥35.80,457632,435687,21945,95.20%,4.80%,13728960,2170,1183,2751,6095,45770,"英语, 法语, 意大利语, 德语, 西班牙语 - 西班牙, 荷兰语, 波兰语, 葡萄牙语 - 巴西, 俄语, 韩语, 简体中文, 西班牙语 - 拉丁美洲, 日语, 泰语, 繁体中文, 土耳其语, 捷克语, 具有完全音频支持的语言",TRUE,TRUE,TRUE,18,41,78
477160,人类一败涂地 / Human Fall Flat,2016 年 7 月 22 日,No Brakes Games,Curve Games,"冒险, 休闲, 独立, 模拟","单人, 多人, 玩家对战, 线上玩家对战, 合作, 同屏/分屏合作, 同屏/分屏, Steam 成就, 完全支持控制器, Steam 集换式卡牌, Steam 创意工坊, 可选颜色, 自定义音量控制, 可以仅用键盘, 无需应对快速反应事件, 立体声, 环绕声, Steam 云, 统计数据, 在电视上远程畅玩, 远程同乐, 家庭共享","合作, 欢乐, 解谜, 冒险, 物理, 多人, 沙盒, 平台解谜, 动作, 开放世界",FALSE,CNY,58,58,0,¥58.00,213640,202253,11387,94.67%,5.33%,6409200,920,356,573,2150,127516,"英语, 法语, 德语, 西班牙语 - 西班牙, 俄语, 意大利语, 简体中文, 日语, 韩语, 波兰语, 葡萄牙语 - 葡萄牙, 葡萄牙语 - 巴西, 泰语, 土耳其语, 乌克兰语, 繁体中文, 具有完全音频支持的语言",TRUE,TRUE,FALSE,0,1,147
251570,7 Days to Die,2024 年 7 月 25 日,The Fun Pimps,The Fun Pimps Entertainment LLC,"动作, 冒险, 独立, 角色扮演, 模拟, 策略","单人, 多人, 玩家对战, 线上玩家对战, 局域网玩家对战, 合作, 在线合作, 局域网合作, 跨平台多人, Steam 成就, 完全支持控制器, Steam 集换式卡牌, 包含关卡编辑器, 在平板上远程畅玩, 在电视上远程畅玩, 家庭共享","生存, 僵尸, 多人, 开放世界, 开放世界生存制作, 基地建设, 后末日, 在线合作, 体素, 建造",FALSE,CNY,152,152,0,¥152.00,370046,327889,42157,88.61%,11.39%,11101380,6845,1525,12975,23138,124449,"英语, 法语, 德语, 西班牙语 - 西班牙, 意大利语, 日语, 韩语, 波兰语, 葡萄牙语 - 巴西, 俄语, 简体中文, 西班牙语 - 拉丁美洲, 繁体中文, 土耳其语",TRUE,TRUE,TRUE,0,4,43
100,Counter-Strike: Condition Zero,2004 年 3 月 1 日,Valve,Valve,动作,"单人, 多人, 可选颜色, 自定义音量控制, 可调整难度, 立体声, 已启用 Valve 反作弊保护, 家庭共享","动作, 第一人称射击, 射击, 多人, 第一人称, 单人, 经典, 战术, 团队导向, 竞技",FALSE,CNY,37,37,0,¥37.00,14977,13442,1535,89.75%,10.25%,449310,499,29,23,56,278,"英语, 法语, 德语, 意大利语, 西班牙语 - 西班牙, 简体中文, 繁体中文, 韩语",TRUE,TRUE,TRUE,0,0,0
417910,Street Warriors Online,2016 年 12 月 16 日,Crazy Rocks Studios,Crazy Rocks Studios,"动作, 大型多人在线, 模拟, 体育","多人, 玩家对战, 线上玩家对战, Steam 成就, Steam 集换式卡牌, 应用内购买, 部分支持控制器, 统计数据, 家庭共享","格斗, 动作, 多人, 体育, 暴力, 大型多人在线, 模拟, 开放世界, 玩家对战, 免费开玩",FALSE,CNY,11,11,0,¥11.00,1634,941,693,57.59%,42.41%,49020,100,34,1,1,1303,"英语, 波兰语, 德语, 西班牙语 - 西班牙, 俄语, 简体中文, 土耳其语, 具有完全音频支持的语言",TRUE,FALSE,FALSE,0,3,43
433850,Z1 Battle Royale,2018 年 2 月 28 日,Daybreak Game Company,Daybreak Game Company,"动作, 冒险, 免费开玩, 大型多人在线","多人, 玩家对战, 线上玩家对战, 应用内购买","生存, 大型多人在线, 多人, 开放世界, 大逃杀, 玩家对战, 第一人称射击, 动作, 射击, 免费开玩",TRUE,CNY,0,0,0,Free,204013,113729,90284,55.75%,44.25%,6120390,3357,200,1001,1008,150179,"英语, 法语, 德语, 西班牙语 - 西班牙, 韩语, 葡萄牙语 - 巴西, 俄语, 简体中文, 具有完全音频支持的语言",TRUE,FALSE,FALSE,0,0,0
594650,猎杀：对决 1896,2019 年 8 月 27 日,Crytek,Crytek,动作,"多人, 玩家对战, 线上玩家对战, 合作, 在线合作, Steam 成就, 完全支持控制器, Steam 集换式卡牌, 应用内购买, Steam 排行榜, 在平板上远程畅玩, 在电视上远程畅玩","撤离射击, 多人, 第一人称射击, 玩家对战, 团队导向, 战术, 开放世界, 氛围, 西部, 永久死亡",FALSE,CNY,128,128,0,¥128.00,248220,181110,67110,72.96%,27.04%,7446600,8443,869,5389,19618,59968,"英语, 法语, 意大利语, 德语, 西班牙语 - 西班牙, 俄语, 简体中文, 波兰语, 土耳其语, 日语, 葡萄牙语 - 巴西, 韩语, 繁体中文, 具有完全音频支持的语言",TRUE,FALSE,FALSE,18,69,36
814380,Sekiro™: Shadows Die Twice - GOTY Edition,2019 年 3 月 21 日,"FromSoftware, Inc.","Activision (Excluding Japan and Asia), FromSoftware, Inc. (Japan), 方块游戏 (Asia)","动作, 冒险","单人, Steam 成就, 完全支持控制器, Steam 集换式卡牌, Steam 云, 在平板上远程畅玩, 在电视上远程畅玩, 家庭共享","类魂系列, 困难, 动作, 单人, 忍者, 潜行, 冒险, 第三人称, 开放世界, 剧情丰富",FALSE,CNY,268,268,0,¥268.00,322234,307041,15193,95.29%,4.71%,9667020,2584,1470,3057,6430,124334,"英语, 法语, 意大利语, 德语, 西班牙语 - 西班牙, 日语, 韩语, 波兰语, 俄语, 简体中文, 泰语, 繁体中文, 葡萄牙语 - 巴西, 具有完全音频支持的语言",TRUE,FALSE,FALSE,17,0,34
1116170,CyberCorp,2025 年 4 月 22 日,Megame LLC,Megame LLC,"动作, 冒险, 独立, 角色扮演","单人, 多人, 合作, 在线合作, Steam 成就, Steam 集换式卡牌, 视角舒适度, 自定义音量控制, 无需应对快速反应事件, 立体声, 部分支持控制器, Steam 云, 家庭共享","俯视射击, 双摇杆射击, 俯视, 单人, 角色自定义, 玩家对战环境, 等角视角, 战术, 暴力, 独立",FALSE,CNY,58,40.6,30,¥40.60,322,266,56,82.61%,17.39%,9660,75,75,3,8,109,"英语, 俄语, 法语, 意大利语, 德语, 西班牙语 - 西班牙, 日语, 韩语, 波兰语, 葡萄牙语 - 巴西, 简体中文, 泰语, 土耳其语, 乌克兰语",TRUE,FALSE,FALSE,0,0,31
220,Half-Life 2,2004 年 11 月 16 日,Valve,Valve,动作,"单人, Steam 成就, 完全支持控制器, Steam 集换式卡牌, 支持字幕, Steam 创意工坊, 视角舒适度, 自定义音量控制, 可调整难度, 无需应对快速反应事件, 随时保存, 立体声, 字幕选项, 环绕声, Steam 云, 包括 Source SDK, 解说可用, 在手机上远程畅玩, 在平板上远程畅玩, 远程同乐, 家庭共享, Steam 时间轴","第一人称射击, 动作, 科幻, 经典, 单人, 剧情丰富, 射击, 第一人称, 冒险, 反乌托邦",FALSE,CNY,42,42,0,¥42.00,245627,239721,5906,97.60%,2.40%,7368810,833,318,1217,2756,64085,"英语, 法语, 德语, 意大利语, 韩语, 西班牙语 - 西班牙, 俄语, 简体中文, 繁体中文, 荷兰语, 丹麦语, 芬兰语, 日语, 挪威语, 波兰语, 葡萄牙语 - 葡萄牙, 瑞典语, 泰语, 保加利亚语, 捷克语, 希腊语, 匈牙利语, 葡萄牙语 - 巴西, 罗马尼亚语, 西班牙语 - 拉丁美洲, 土耳其语, 乌克兰语, 具有完全音频支持的语言",TRUE,FALSE,TRUE,0,1,69
107410,武装突袭3,2013 年 9 月 12 日,Bohemia Interactive,Bohemia Interactive,"动作, 模拟, 策略","单人, 多人, 玩家对战, 线上玩家对战, 局域网玩家对战, 合作, 在线合作, 局域网合作, Steam 成就, Steam 集换式卡牌, 支持字幕, Steam 创意工坊, 统计数据, Steam 排行榜, 包含关卡编辑器, Steam 时间轴","军事, 动作, 多人, 射击, 模拟, 拟真, 第一人称, 开放世界, 战术, 第一人称射击",FALSE,CNY,119,119,0,¥119.00,283264,256128,27136,90.42%,9.58%,8497920,14178,1085,3841,8824,56185,"英语, 法语, 意大利语, 德语, 西班牙语 - 西班牙, 捷克语, 波兰语, 葡萄牙语 - 巴西, 俄语, 日语, 韩语, 简体中文, 繁体中文, 土耳其语, 具有完全音频支持的语言",TRUE,TRUE,FALSE,0,21,123
1326470,Sons Of The Forest,2024 年 2 月 22 日,Endnight Games Ltd,Newnight ,"动作, 冒险, 独立, 模拟","单人, 多人, 合作, 在线合作, Steam 成就, 完全支持控制器, Steam 云, 家庭共享","生存, 开放世界, 多人, 合作, 生存恐怖, 基地建设, 恐怖, 制作, 第一人称, 建造",FALSE,CNY,108,108,0,¥108.00,253546,222495,31051,87.75%,12.25%,7606380,1467,901,3778,8096,411804,"英语, 法语, 意大利语, 德语, 西班牙语 - 西班牙, 捷克语, 芬兰语, 日语, 韩语, 波兰语, 葡萄牙语 - 巴西, 俄语, 简体中文, 瑞典语, 繁体中文, 土耳其语, 具有完全音频支持的语言",TRUE,FALSE,FALSE,0,0,32
219990,Grim Dawn,2016 年 2 月 25 日,Crate Entertainment,Crate Entertainment,"动作, 冒险, 独立, 角色扮演","单人, 多人, 合作, 在线合作, 局域网合作, Steam 成就, 完全支持控制器, Steam 集换式卡牌, Steam 云, 在平板上远程畅玩, 在电视上远程畅玩, 家庭共享","动作角色扮演, 砍杀, 刷宝, 等角视角, 黑暗奇幻, 角色扮演, 迷宫探索, 合作, 单人, 角色自定义",FALSE,CNY,92,92,0,¥92.00,99730,93489,6241,93.74%,6.26%,2991900,4465,1150,1455,2435,61093,"英语, 法语, 德语, 西班牙语 - 西班牙, 捷克语, 日语, 俄语, 简体中文, 葡萄牙语 - 巴西, 意大利语, 韩语, 越南语, 波兰语, 具有完全音频支持的语言",TRUE,FALSE,FALSE,0,7,185
255710,Cities: Skylines,2015 年 3 月 10 日,Colossal Order,Paradox Interactive,"模拟, 策略","单人, Steam 成就, Steam 集换式卡牌, Steam 创意工坊, Steam 云, 包含关卡编辑器, 在平板上远程畅玩, 家庭共享","城市营造, 模拟, 建造, 管理, 策略, 沙盒, 单人, 经济, 可模组化, 资源管理",FALSE,CNY,138,138,0,¥138.00,275770,256362,19408,92.96%,7.04%,8273100,3899,844,5717,9409,57421,"英语, 法语, 德语, 西班牙语 - 西班牙, 波兰语, 葡萄牙语 - 巴西, 俄语, 简体中文, 韩语",TRUE,TRUE,TRUE,0,72,127
261550,Mount & Blade II: Bannerlord,2022 年 10 月 25 日,TaleWorlds Entertainment,TaleWorlds Entertainment,"动作, 独立, 角色扮演, 模拟, 策略","单人, 多人, 玩家对战, 线上玩家对战, Steam 成就, Steam 集换式卡牌, Steam 创意工坊, 部分支持控制器, Steam 云, 包含关卡编辑器, 在平板上远程畅玩, 家庭共享","中世纪, 策略, 开放世界, 角色扮演, 战争, 多人, 沙盒, 单人, 动作, 角色自定义",FALSE,CNY,248,248,0,¥248.00,264391,232360,32031,87.88%,12.12%,7931730,8574,4381,26358,50220,248034,"英语, 简体中文, 土耳其语, 繁体中文, 法语, 意大利语, 日语, 韩语, 波兰语, 葡萄牙语 - 巴西, 俄语, 西班牙语 - 拉丁美洲, 德语, 具有完全音频支持的语言",TRUE,FALSE,FALSE,0,3,50
8930,Sid Meier's Civilization® V,2010 年 9 月 23 日,"Firaxis Games, Aspyr (Mac), Aspyr (Linux)","2K, Aspyr (Mac), Aspyr (Linux)",策略,"单人, 多人, Steam 成就, Steam 集换式卡牌, Steam 云, 在平板上远程畅玩, 家庭共享","回合战略, 策略, 回合制, 多人, 历史, 4X, 欲罢不能, 单人, 六角格棋盘, 大战略",FALSE,CNY,95,95,0,¥95.00,204265,195724,8541,95.82%,4.18%,6127950,6757,2203,9091,15307,91020,"英语, 法语, 德语, 意大利语, 西班牙语 - 西班牙, 波兰语, 日语, 韩语, 俄语, 繁体中文, 具有完全音频支持的语言",TRUE,TRUE,TRUE,0,15,286
304050,宝藏世界,2015 年 7 月 9 日,gamigo US Inc.,gamigo US Inc.,"动作, 冒险, 休闲, 大型多人在线, 角色扮演, 免费开玩","多人, 大型多人在线, 玩家对战, 线上玩家对战, 合作, 在线合作, Steam 成就, Steam 集换式卡牌, Steam 创意工坊, 应用内购买, 可调整文字大小, 自定义音量控制, 无需应对快速反应事件, 随时保存, 部分支持控制器","免费开玩, 开放世界, 沙盒, 像素图形, 大型多人在线角色扮演, 奇幻, 多人, 体素, 制作, 角色扮演",TRUE,CNY,0,0,0,Free,92370,74103,18267,80.22%,19.78%,2771100,2760,205,521,876,58709,"英语, 法语, 德语, 葡萄牙语 - 巴西, 西班牙语 - 西班牙, 简体中文, 具有完全音频支持的语言",TRUE,FALSE,FALSE,0,12,19
289070,Sid Meier’s Civilization® VI,2016 年 10 月 20 日,"Firaxis Games, Aspyr (Mac), Aspyr (Linux)","2K, Aspyr (Mac), Aspyr (Linux)",策略,"单人, 多人, 玩家对战, 线上玩家对战, 局域网玩家对战, 同屏/分屏玩家对战, 同屏/分屏, 跨平台多人, Steam 成就, Steam 集换式卡牌, Steam 创意工坊, 应用内购买, Steam 回合通知, 在平板上远程畅玩, 远程同乐, 家庭共享","策略, 回合战略, 多人, 历史, 大战略, 单人, 回合制, 4X, 城市营造, 战争",FALSE,CNY,220,220,0,¥220.00,349920,304053,45867,86.89%,13.11%,10497600,5814,1434,21145,33758,162314,"英语, 法语, 意大利语, 德语, 西班牙语 - 西班牙, 日语, 韩语, 波兰语, 葡萄牙语 - 巴西, 俄语, 简体中文, 繁体中文, 具有完全音频支持的语言",TRUE,TRUE,TRUE,0,10,320
377160,Fallout 4,2015 年 11 月 9 日,Bethesda Game Studios,Bethesda Softworks,角色扮演,"单人, Steam 成就, 完全支持控制器, 无需应对快速反应事件, 随时保存, 立体声, 环绕声, Steam 云, 在手机上远程畅玩, 在平板上远程畅玩, 在电视上远程畅玩, 家庭共享","开放世界, 后末日, 单人, 探索, 角色扮演, 冒险, 氛围, 射击, 第一人称, 剧情丰富",FALSE,CNY,83,83,0,¥83.00,392287,326054,66233,83.12%,16.88%,11768610,5518,1726,9565,16265,471955,"英语, 法语, 意大利语, 德语, 西班牙语 - 西班牙, 波兰语, 葡萄牙语 - 巴西, 俄语, 繁体中文, 日语, 具有完全音频支持的语言",TRUE,FALSE,FALSE,18,10,84
532210,Life is Strange 2,2018 年 9 月 26 日,"DONTNOD Entertainment, Feral Interactive (Mac), Feral Interactive (Linux)","Square Enix, Feral Interactive (Mac), Feral Interactive (Linux)",冒险,"单人, Steam 成就, 完全支持控制器, Steam 集换式卡牌, Steam 云, 在手机上远程畅玩, 在平板上远程畅玩, 在电视上远程畅玩, 家庭共享","选择取向, 剧情丰富, 冒险, 单人, 好评原声音轨, 氛围, 剧集, 剧情, 色情内容, 自选历险体验",TRUE,CNY,0,0,0,Free,36634,31616,5018,86.30%,13.70%,1099020,436,211,89,262,468634,"英语, 法语, 意大利语, 德语, 西班牙语 - 西班牙, 葡萄牙语 - 巴西, 俄语, 简体中文, 西班牙语 - 拉丁美洲, 日语, 具有完全音频支持的语言",TRUE,TRUE,TRUE,18,6,46
2186680,"Warhammer 40,000: 行商浪人",2023 年 12 月 7 日,Owlcat Games,Owlcat Games,"动作, 冒险, 独立, 角色扮演, 策略","单人, 多人, 合作, 在线合作, 跨平台多人, Steam 成就, Steam 集换式卡牌, Steam 创意工坊, 可调整文字大小, 自定义音量控制, 可以仅用鼠标, 随时保存, 立体声, 字幕选项, 环绕声, 部分支持控制器, Steam 云, 家庭共享","角色扮演, 角色自定义, 回合制战斗, 选择取向, 剧情丰富, 电脑角色扮演, 多人, 冒险, 合作, 战锤 40K",FALSE,CNY,188,188,0,¥188.00,30805,26360,4445,85.57%,14.43%,924150,2867,1057,2213,4815,37094,"英语, 法语, 德语, 西班牙语 - 西班牙, 俄语, 简体中文, 日语, 土耳其语, 具有完全音频支持的语言",TRUE,TRUE,FALSE,0,8,106
1238810,《战地风云 5》,2020 年 10 月 22 日,DICE,Electronic Arts,动作,"单人, 多人, 玩家对战, 线上玩家对战, Steam 成就, 完全支持控制器, Steam 集换式卡牌, 可用 HDR","第一人称射击, 多人, 单人, 二战, 射击, 战争, 军事, 第一人称, 大型多人在线, 玩家对战",FALSE,CNY,228,228,0,¥228.00,250288,177352,72936,70.86%,29.14%,7508640,2086,569,1879,5032,114017,"英语, 法语, 意大利语, 德语, 西班牙语 - 西班牙, 阿拉伯语, 日语, 韩语, 波兰语, 葡萄牙语 - 巴西, 俄语, 简体中文, 西班牙语 - 拉丁美洲, 繁体中文, 具有完全音频支持的语言",TRUE,FALSE,FALSE,0,2,21
3241660,R.E.P.O.,2025 年 2 月 26 日,semiwork,semiwork,"动作, 抢先体验","单人, 多人, 合作, 在线合作, 视角舒适度, 自定义音量控制, 无需应对快速反应事件, 立体声, Steam 云, 家庭共享","恐怖, 在线合作, 多人, 喜剧, 合作, 物理, 第一人称, 3D, 潜行, 机器人",FALSE,CNY,42,42,0,¥42.00,185642,179154,6488,96.51%,3.49%,5569260,1126,637,13545,30215,266908,"英语, 具有完全音频支持的语言",TRUE,FALSE,FALSE,0,0,0
221100,DayZ,2018 年 12 月 13 日,Bohemia Interactive,Bohemia Interactive,"动作, 冒险, 大型多人在线","多人, 大型多人在线, 玩家对战, 线上玩家对战, 合作, 在线合作, Steam 成就, Steam 集换式卡牌, Steam 创意工坊, Steam 云, 已启用 Valve 反作弊保护","生存, 开放世界, 僵尸, 在线合作, 多人, 后末日, 射击, 玩家对战, 大型多人在线, 第一人称射击",FALSE,CNY,239,239,0,¥239.00,430252,330349,99903,76.78%,23.22%,12907560,14228,2346,18948,46870,78739,"英语, 法语, 意大利语, 德语, 西班牙语 - 西班牙, 捷克语, 俄语, 简体中文, 繁体中文, 日语, 波兰语, 葡萄牙语 - 巴西",TRUE,FALSE,FALSE,18,3,13
526870,幸福工厂,2024 年 9 月 10 日,Coffee Stain Studios,Coffee Stain Publishing,"冒险, 独立, 模拟, 策略","单人, 多人, 合作, 在线合作, 跨平台多人, Steam 成就, 可调整文字大小, 视角舒适度, 可选颜色, 自定义音量控制, 可调整难度, 无需应对快速反应事件, 随时保存, 立体声, 环绕声, 部分支持控制器, Steam 云, 在平板上远程畅玩, 家庭共享","基地建设, 自动化, 开放世界, 多人, 制作, 合作, 建造, 资源管理, 沙盒, 探索",FALSE,CNY,136,136,0,¥136.00,232064,225479,6585,97.16%,2.84%,6961920,6568,2288,10842,23326,185957,"英语, 法语, 意大利语, 德语, 西班牙语 - 西班牙, 日语, 韩语, 波兰语, 葡萄牙语 - 巴西, 俄语, 简体中文, 繁体中文, 乌克兰语, 具有完全音频支持的语言",TRUE,FALSE,FALSE,0,1,44
1089350,NBA 2K20,2019 年 9 月 6 日,Visual Concepts,2K,"模拟, 体育","单人, 多人, 玩家对战, 线上玩家对战, 同屏/分屏玩家对战, 合作, 在线合作, 同屏/分屏合作, 同屏/分屏, Steam 成就, 完全支持控制器, 应用内购买, Steam 云, 在手机上远程畅玩, 在平板上远程畅玩, 在电视上远程畅玩, 远程同乐, 家庭共享","篮球, 体育, 模拟, 多人, 单人, 资本主义, 刷宝, 休闲, 本地多人, 控制器",FALSE,CNY,0,0,0,Free,60673,30260,30413,49.87%,50.13%,1820190,6645,1613,167,325,48367,"英语, 法语, 意大利语, 德语, 西班牙语 - 西班牙, 日语, 韩语, 简体中文, 繁体中文, 具有完全音频支持的语言",TRUE,FALSE,FALSE,0,0,50
632360,雨中冒险 2,2020 年 8 月 11 日,Hopoo Games,Gearbox Publishing,"动作, 独立","单人, 多人, 玩家对战, 线上玩家对战, 合作, 在线合作, 完全支持控制器, Steam 集换式卡牌, 可调整文字大小, 视角舒适度, 自定义音量控制, 可调整难度, 立体声, 环绕声, Steam 云, Steam 排行榜, 在手机上远程畅玩, 在平板上远程畅玩, 在电视上远程畅玩, 家庭共享","第三人称射击, 动作类 Rogue, 多人, 合作, 轻度 Rogue, 动作, 类 Rogue, 刷宝射击游戏, 刷宝, 在线合作",FALSE,CNY,80,80,0,¥80.00,313577,293127,20450,93.48%,6.52%,9407310,3406,1194,10815,17446,74945,"英语, 法语, 意大利语, 德语, 西班牙语 - 西班牙, 日语, 韩语, 葡萄牙语 - 巴西, 俄语, 简体中文, 土耳其语",TRUE,FALSE,FALSE,0,6,171
1811260,EA SPORTS™《FIFA 23》,2022 年 9 月 30 日,"EA Canada, EA Romania",Electronic Arts,"模拟, 体育","单人, 多人, 玩家对战, 线上玩家对战, 同屏/分屏玩家对战, 合作, 在线合作, 同屏/分屏合作, 同屏/分屏, 跨平台多人, Steam 成就, 完全支持控制器, 应用内购买","足球, 体育, 控制器, 电竞, 玩家对战, 管理, 模拟, 团队导向, 第三人称, 拟真",FALSE,CNY,0,0,0,Free,151419,86192,65227,56.92%,43.08%,4542570,10840,4787,425,1090,110757,"英语, 法语, 意大利语, 德语, 西班牙语 - 西班牙, 阿拉伯语, 捷克语, 丹麦语, 荷兰语, 日语, 韩语, 挪威语, 波兰语, 葡萄牙语 - 葡萄牙, 葡萄牙语 - 巴西, 俄语, 简体中文, 西班牙语 - 拉丁美洲, 瑞典语, 繁体中文, 土耳其语, 具有完全音频支持的语言",TRUE,FALSE,FALSE,0,0,39
204360,Castle Crashers®,2012 年 9 月 26 日,The Behemoth,The Behemoth,"动作, 冒险, 休闲, 独立, 角色扮演","单人, 多人, 玩家对战, 线上玩家对战, 同屏/分屏玩家对战, 合作, 在线合作, 同屏/分屏合作, 同屏/分屏, Steam 成就, 完全支持控制器, Steam 集换式卡牌, Steam 创意工坊, 自定义音量控制, 立体声, Steam 云, Steam 排行榜, 在手机上远程畅玩, 在平板上远程畅玩, 在电视上远程畅玩, 远程同乐, 家庭共享","2D, 在线合作, 清版动作, 合作, 砍杀, 欢乐, 冒险, 4 人本地, 本地合作, 多人",FALSE,CNY,48,48,0,¥48.00,125598,120733,4865,96.13%,3.87%,3767940,912,271,339,626,15960,"英语, 德语, 法语, 意大利语, 韩语, 西班牙语 - 西班牙, 简体中文, 繁体中文, 日语, 葡萄牙语 - 葡萄牙, 俄语, 具有完全音频支持的语言",TRUE,TRUE,FALSE,0,3,12
218230,PlanetSide 2,2012 年 11 月 20 日,Rogue Planet Games,Daybreak Game Company,"动作, 大型多人在线, 免费开玩","多人, 大型多人在线, 玩家对战, 线上玩家对战, Steam 集换式卡牌, Steam 云","免费开玩, 第一人称射击, 大型多人在线, 射击, 动作, 开放世界, 多人, 团队导向, 科幻, 战争",TRUE,CNY,0,0,0,Free,73694,59598,14096,80.87%,19.13%,2210820,2678,182,323,764,29449,"英语, 德语, 法语, 意大利语, 西班牙语 - 西班牙, 俄语, 简体中文",TRUE,FALSE,FALSE,0,0,0
72850,The Elder Scrolls V: Skyrim,2011 年 11 月 10 日,Bethesda Game Studios,Bethesda Softworks,角色扮演,"单人, Steam 成就, Steam 集换式卡牌, Steam 创意工坊, 部分支持控制器, Steam 云, 家庭共享","开放世界, 角色扮演, 奇幻, 冒险, 可模组化, 龙, 第一人称, 动作, 中世纪, 单人",FALSE,CNY,83,83,0,¥83.00,317279,300915,16364,94.84%,5.16%,9518370,6873,2929,721,1828,90780,"英语, 法语, 德语, 意大利语, 西班牙语 - 西班牙, 日语, 捷克语, 波兰语, 俄语",TRUE,FALSE,FALSE,18,1,75
489830,The Elder Scrolls V: Skyrim Special Edition,2016 年 10 月 27 日,Bethesda Game Studios,Bethesda Softworks,角色扮演,"单人, Steam 成就, 无需应对快速反应事件, 随时保存, 立体声, 环绕声, 部分支持控制器, Steam 云, 在手机上远程畅玩, 在平板上远程畅玩, 家庭共享","开放世界, 角色扮演, 冒险, 奇幻, 单人, 角色自定义, 可模组化, 龙, 剧情丰富, 魔法",FALSE,CNY,165,165,0,¥165.00,337058,310162,26896,92.02%,7.98%,10111740,5064,1397,15889,28184,69777,"英语, 法语, 意大利语, 德语, 西班牙语 - 西班牙, 波兰语, 繁体中文, 俄语, 日语, 具有完全音频支持的语言",TRUE,FALSE,FALSE,18,2,75
322170,Geometry Dash,2014 年 12 月 22 日,RobTop Games,RobTop Games,"动作, 独立","单人, Steam 成就, Steam 集换式卡牌, 部分支持控制器, 包含关卡编辑器, 在手机上远程畅玩, 在平板上远程畅玩, 家庭共享","困难, 音乐, 关卡编辑, 好评原声音轨, 精确平台, 2D, 节奏, 单人, 平台游戏, 彩色",FALSE,CNY,22,22,0,¥22.00,429921,401026,28895,93.28%,6.72%,12897630,5955,511,28605,64687,86123,英语,TRUE,TRUE,FALSE,0,0,120
1446780,MONSTER HUNTER RISE,2022 年 1 月 12 日,"CAPCOM Co., Ltd.","CAPCOM Co., Ltd.",动作,"单人, 多人, 合作, 在线合作, Steam 成就, 完全支持控制器, Steam 集换式卡牌, Steam 云, 可用 HDR, 家庭共享","动作, 在线合作, 角色自定义, 狩猎, 角色扮演, 多人, 动作角色扮演, 合作, 单人, 第三人称",FALSE,CNY,198,198,0,¥198.00,112672,92564,20108,82.15%,17.85%,3380160,5482,2362,2892,7079,230942,"英语, 法语, 意大利语, 德语, 西班牙语 - 西班牙, 阿拉伯语, 日语, 韩语, 波兰语, 葡萄牙语 - 巴西, 俄语, 简体中文, 繁体中文, 西班牙语 - 拉丁美洲, 具有完全音频支持的语言",TRUE,FALSE,FALSE,0,252,100
224260,No More Room in Hell,2013 年 10 月 31 日,No More Room in Hell Team,Lever Games,"动作, 独立, 免费开玩","多人, 合作, 跨平台多人, Steam 成就, 支持字幕, 支持 VR, Steam 创意工坊, 部分支持控制器, Steam 云, 已启用 Valve 反作弊保护, 包含关卡编辑器, 包括 Source SDK","免费开玩, 僵尸, 多人, 生存, 恐怖, 合作, 在线合作, 动作, 第一人称射击, 第一人称",TRUE,CNY,0,0,0,Free,74253,66753,7500,89.90%,10.10%,2227590,880,108,295,580,10869,"英语, 德语, 法语, 日语, 希腊语, 意大利语, 西班牙语 - 西班牙, 匈牙利语, 俄语, 瑞典语, 繁体中文, 乌克兰语, 简体中文, 韩语, 捷克语, 葡萄牙语 - 巴西, 土耳其语, 具有完全音频支持的语言",TRUE,FALSE,TRUE,0,1,115
203160,Tomb Raider Game of the Year,2013 年 3 月 4 日,"Crystal Dynamics, Eidos-Montréal, Feral Interactive (Mac), Nixxes","Crystal Dynamics, Feral Interactive (Mac)","动作, 冒险","单人, 多人, Steam 成就, 完全支持控制器, Steam 集换式卡牌, Steam 云, 在手机上远程畅玩, 在平板上远程畅玩, 在电视上远程畅玩, 家庭共享","动作, 冒险, 单人, 多人, Steam 成就, 完全支持控制器, Steam 集换式卡牌",FALSE,CNY,98,98,0,¥98.00,247930,238239,9691,96.09%,3.91%,7437900,744,491,621,1356,89494,"英语, 德语, 法语, 意大利语, 韩语, 西班牙语 - 西班牙, 繁体中文, 俄语, 波兰语, 荷兰语, 捷克语, 葡萄牙语 - 巴西, 阿拉伯语, 具有完全音频支持的语言",TRUE,TRUE,FALSE,18,0,50
